Workbook

Sheet 主板
A1: Wischos Gift Trading — 客户开发 CRM
A2: 待接触 | B2: 已建对话 | C2: 询盘/报价中 | D2: 已成单 | E2: 暂停/放弃 | F2: 客户总数
A3: =COUNTIF($F$7:$F$2000,"待接触") | B3: =COUNTIF($F$7:$F$2000,"已发消息")+COUNTIF($F$7:$F$2000,"已建对话")+COUNTIF($F$7:$F$2000,"产品信息已发") | C3: =COUNTIF($F$7:$F$2000,"询盘中")+COUNTIF($F$7:$F$2000,"报价已发")+COUNTIF($F$7:$F$2000,"谈判中") | D3: =COUNTIF($F$7:$F$2000,"已成单") | E3: =COUNTIF($F$7:$F$2000,"暂停跟进")+COUNTIF($F$7:$F$2000,"放弃") | F3: =COUNTA($A$7:$A$2000)
A4: 提示：B列公司名可点击跳转客户详情库 · 阶段/优先级在此直接修改 · 每次跟进后在【跟进日志】新增一行
A6: ID | B6: 公司名 | C6: 联系人 | D6: 买家类型 | E6: 国家/地区 | F6: 当前阶段 | G6: 优先级 | H6: 上次跟进 | I6: 下次跟进 | J6: 跟进次数 | K6: 快速备注
A7: C001 | B7: =IFERROR(HYPERLINK("#客户库!A"&MATCH(A7,客户库!$A:$A,0),VLOOKUP(A7,客户库!$A:$B,2,0)),A7) | C7: Anthony Rogers-Altman | D7: 分销商 | E7: 澳大利亚 | F7: 待接触 | G7: A | I7: 2026-04-22 | J7: =IFERROR(COUNTIF(跟进日志!$C:$C,A7),0) | K7: 20+年行业经验；近期注册RAS Marketing Support
A8: C002 | B8: =IFERROR(HYPERLINK("#客户库!A"&MATCH(A8,客户库!$A:$A,0),VLOOKUP(A8,客户库!$A:$B,2,0)),A8) | C8: Warren Gross | D8: 分销商（待验证） | E8: 加拿大 | F8: 已建对话 | G8: B- | H8: 46164 | I8: 46171 | J8: =IFERROR(COUNTIF(跟进日志!$C:$C,A8),0) | K8: 2026-05-16发邀请；2026-05-20接受并回复"Let's connect and chat!"；2026-05-22发首条qualifying私信，待回复
A9: C003 | B9: =IFERROR(HYPERLINK("#客户库!A"&MATCH(A9,客户库!$A:$A,0),VLOOKUP(A9,客户库!$A:$B,2,0)),A9) | C9: Graeme Dawes | D9: 分销商 | E9: 加拿大 | F9: 已发消息 | G9: A | H9: 46172 | J9: =IFERROR(COUNTIF(跟进日志!$C:$C,A9),0)

Sheet 客户库
A1: Wischos Gift — 客户详情库 ← 点击返回主板
A2: 基本信息 | F2: 联系方式 | J2: 公司画像 | O2: 开发策略 | S2: 档案
A3: ID | B3: 公司名 | C3: 联系人 | D3: 职位 | E3: 买家类型 | F3: LinkedIn URL | G3: 邮箱 | H3: 电话 | I3: WhatsApp | J3: 国家/城市 | K3: 公司规模 | L3: 主营业务 | M3: 成立时间 | N3: 行业协会 | O3: 切入角度 | P3: 核心价值主张 | Q3: 决策特征 | R3: 风险/注意 | S3: 信息来源 | T3: 建档日期
A4: C001 | B4: PR Promotional Products | C4: Anthony Rogers-Altman | D4: Owner / Director | E4: 分销商 | F4: https://au.linkedin.com/in/anthony-rogers-altman-1838791b | G4: sales@prproducts.com.au | H4: +61 8 8132 1204 | J4: Adelaide, SA · 澳大利亚 | K4: 2–10人 | L4: 企业品牌促销品、定制印刷、海外采购、仓储履约 | M4: 2001年 | N4: APPA会员 | O4: 供应链合作：金属礼品套件补充其现有产品线，提升毛利 | P4: FOB有竞争力；金属材质差异化；稳定供应；快速打样 | Q4: 小公司决策链短，Anthony本人直接拍板，无需走多层审批 | R4: 数字化足迹低；不要泛泛推销；要给出具体合作场景 | S4: LinkedIn + ABN Lookup + 行业目录 | T4: 2026-04-21
A5: C002 | B5: Alberta Custom Flag and Banner | C5: Warren Gross | D5: Founder / Owner | E5: 分销商（待验证） | F5: https://ca.linkedin.com/in/warren-gross-a23a07147 | G5: info@albertacustom.ca | H5: (825) 439-4246 | J5: Edmonton, AB · 加拿大 | K5: 1–10人 | L5: 旗帜/横幅/标牌/定制服装/promo products/结构化品牌项目（Alberta Custom是Marketing Time Inc.旗下specialty brand） | M5: 2022年 | N5: 未确认PPPC | O5: non-apparel promo products补充；可标准化、可复购金属SKU，适配其repeatable branding programs | P5: 金属笔/drinkware/EDC/桌面件，可作为repeatable branded SKU补充现有signage/apparel项目 | Q5: Warren是Owner/core operator，决策链短，直接拍板 | R5: 公司小（1人），主业偏flags/apparel；海外sourcing接受度待验证；MOQ 100件可能偏大 | S5: LinkedIn + 官网 + 双流程调查（2026-05-16） | T5: 46158
A6: C003 | B6: Brandz Marketing Inc. | C6: Graeme Dawes | D6: CEO & President | E6: 分销商 | F6: https://brandzmarketing.com/ | J6: Stony Plain, AB · 加拿大

Sheet 跟进日志
A1: Wischos Gift — 跟进日志 ← 点击返回主板
A2: 序号 | B2: 日期 | C2: 客户ID | D2: 公司名 | E2: 联系人 | F2: 渠道 | G2: 方向 | H2: 内容摘要（发出的内容/收到的回复） | I2: 回应/结果 | J2: 阶段变更 | K2: 下一步行动 | L2: 下次跟进日期
A3: =IF(C3="","",COUNTA($C$3:C3)) | B3: 46158 | C3: C002 | D3: Alberta Custom Flag and Banner | E3: Warren Gross | F3: LinkedIn | G3: 出 | H3: 发送连接邀请（274字符版）：Saw Alberta Custom focuses on consistent, governable branding across teams and locations. Liked the repeatable program angle. I help build custom metal gift options from China - brass, stainless and titanium pieces like pens or drinkware. Thought it may be worth connecting. | I3: 待通过 | J3: 待接触 → 已发消息 | K3: 等待接受邀请 | L3: 46162
A4: =IF(C4="","",COUNTA($C$3:C4)) | B4: 46162 | C4: C002 | D4: Alberta Custom Flag and Banner | E4: Warren Gross | F4: LinkedIn | G4: 入 | H4: Warren接受邀请并主动回复："Hi John, Let's connect and chat!" | I4: 正面回应，主动邀请聊 | J4: 已发消息 → 已建对话 | K4: 发首条qualifying私信：确认是否采购non-apparel corporate gift items | L4: 46164
A5: =IF(C5="","",COUNTA($C$3:C5)) | B5: 46164 | C5: C002 | D5: Alberta Custom Flag and Banner | E5: Warren Gross | F5: LinkedIn | G5: 出 | H5: 发首条私信："Thanks for connecting — good to have a chat. Noticed Marketing Time covers promo and gifts beyond just apparel and jerseys — that's the overlap I had in mind with the metal pieces. Do metal hard goods ever come up in your client programs? Happy to share a few directions if relevant." | I5: 待回复 | J5: 已建对话（维持） | K5: 等待回复；无回应则Day 7轻跟进或直接等30天 | L5: 46171
A6: =IF(C6="","",COUNTA($C$3:C6)) | B6: 46172 | C6: C003 | D6: Brandz Marketing Inc. | E6: Graeme Dawes | F6: LinkedIn | G6: 出 | H6: 发送LinkedIn连接邀请：Hi Graeme, really respect the 30-year legacy you built in the Tri-Region! I noticed your collections are strong but missing high-end metal gift sets. We craft premium metal kits in China that could fill that gap. Connect? | I6: 待通过 | J6: 待接触 → 已发消息
A7: =IF(C7="","",COUNTA($C$3:C7))
A8: =IF(C8="","",COUNTA($C$3:C8))
A9: =IF(C9="","",COUNTA($C$3:C9))
A10: =IF(C10="","",COUNTA($C$3:C10))
A11: =IF(C11="","",COUNTA($C$3:C11))
A12: =IF(C12="","",COUNTA($C$3:C12))
A13: =IF(C13="","",COUNTA($C$3:C13))
A14: =IF(C14="","",COUNTA($C$3:C14))
A15: =IF(C15="","",COUNTA($C$3:C15))
A16: =IF(C16="","",COUNTA($C$3:C16))
A17: =IF(C17="","",COUNTA($C$3:C17))
A18: =IF(C18="","",COUNTA($C$3:C18))
... A502: =IF(C502="","",COUNTA($C$3:C502))

Sheet 报价记录
A1: Wischos Gift — 报价记录 ← 点击返回主板
A2: 报价ID | B2: 客户ID | C2: 公司名 | D2: 报价日期 | E2: 产品/套件 | F2: 数量(sets) | G2: FOB单价($) | H2: 总价($) | I2: 交期(天) | J2: 报价状态 | K2: 跟进日期 | L2: 结果/备注
H3: =IFERROR(F3*G3,"")
H4: =IFERROR(F4*G4,"")
H5: =IFERROR(F5*G5,"")
H6: =IFERROR(F6*G6,"")
H7: =IFERROR(F7*G7,"")
H8: =IFERROR(F8*G8,"")
H9: =IFERROR(F9*G9,"")
H10: =IFERROR(F10*G10,"")
H11: =IFERROR(F11*G11,"")
H12: =IFERROR(F12*G12,"")
H13: =IFERROR(F13*G13,"")
H14: =IFERROR(F14*G14,"")
... H502: =IFERROR(F502*G502,"")

Sheet 使用说明
A1: 使用说明
A2: 工作表说明
A3: 主板 | B3: 所有客户一览；直接修改阶段/优先级/跟进日期；B列点击跳转详情
A4: 客户库 | B4: 每客户一行，存储完整背景信息和开发策略，新客户先在这里建档
A5: 跟进日志 | B5: 每次沟通一行（LinkedIn/邮件/电话），按客户ID关联；主板跟进次数自动计算
A6: 报价记录 | B6: 进入询盘阶段后使用；总价自动计算；阶段颜色自动标色
A7: 标准工作流程
A8: 1. 新客户入库 | B8: 在【客户库】填写详细信息 → 在【主板】新增一行填入ID → 设置优先级和下次跟进日期
A9: 2. 每次跟进后 | B9: 在【跟进日志】新增一行记录沟通内容 → 更新【主板】上次/下次跟进日期 → 如有阶段变化同步更新F列
A10: 3. 进入询盘 | B10: 在【报价记录】新建一行，填入产品/数量/FOB报价
A11: 4. 主板公式 | B11: B列公司名 = HYPERLINK公式（自动关联客户库）；J列跟进次数 = COUNTIF自动统计
A12: 漏斗阶段定义
A13: 待接触 | B13: 已完成调研，尚未发出任何联系
A14: 已发消息 | B14: 已发LinkedIn连接请求或首封邮件，等待回应
A15: 已建对话 | B15: 已有来回沟通，建立基础联系
A16: 产品信息已发 | B16: 已发产品套件资料，待进一步跟进
A17: 询盘中 | B17: 对方表达具体需求，正在沟通规格/交期/细节
A18: 报价已发 | B18: 已发正式FOB报价单，待对方决策
A19: 谈判中 | B19: 价格/条款/MOQ在谈判中
A20: 已成单 | B20: 合同/PO已确认
A21: 暂停跟进 | B21: 当前无进展，3-6个月后可再接触
A22: 放弃 | B22: 确认无合作可能
A23: 买家类型说明
A24: 分销商 | B24: 促销品公司、礼品经销商（如Anthony/PR Promotional）——从Wischos进货再卖给终端客户
A25: 直客企业 | B25: 企业HR/采购/市场部门——直接采购作为员工礼品/客户礼品/活动物料
A26: 主板B列公式说明
A27: 公式原理 | B27: =IFERROR(HYPERLINK("#客户库!A"&MATCH(A7,客户库!$A:$A,0), VLOOKUP(A7,客户库!$A:$B,2,0)),A7)
A28: 作用 | B28: 根据ID自动在客户库找到对应行 → 显示公司名 → 点击跳转。新增客户后公式向下复制即可
